source_stem,output_stem,display_name,rarity,type,source,note
Genshin_Impact_Main_Theme,main_theme,原神主题曲,4星,旋曜玉帛,大世界拾取,
Dream_Aria_梦之咏叹,dream_aria,Dream Aria 梦之咏叹,4星,旋曜玉帛,大世界拾取,
未行之路_The_Road_Not_Taken,the_road_not_taken,未行之路,4星,旋曜玉帛,大世界拾取,
经过,passing_memories_zh,经过,4星,旋曜玉帛,大世界拾取,
Passing_Memories,passing_memories_en,Passing Memories,4星,旋曜玉帛,大世界拾取,
記憶の旅_Passing_Memories__记忆之旅,passing_memories_jp,记忆之旅,4星,旋曜玉帛,大世界拾取,
回家的路,the_long_way_home_zh,回家的路,4星,旋曜玉帛,大世界拾取,
The_Long_Way_Home,the_long_way_home_en,The Long Way Home,4星,旋曜玉帛,大世界拾取,
风的来信,a_letter_from_the_wind_zh,风的来信,4星,旋曜玉帛,邮件,
A_Letter_From_the_Wind,a_letter_from_the_wind_en,A Letter From the Wind,4星,旋曜玉帛,邮件,
風の思い出_A_Letter_From_the_Wind_jp,a_letter_from_the_wind_jp,風の思い出,4星,旋曜玉帛,邮件,
바람의 편지_A_Letter_From_the_Wind_hk,a_letter_from_the_wind_ko,바람의 편지,4星,旋曜玉帛,邮件,
