图标,名称,稀有度,类型,来源,用途
旋曜玉帛.png,旋曜玉帛·其一百四十八,4星.png,旋曜玉帛,大世界拾取,
旋曜玉帛.png,旋曜玉帛·其一百四十七,4星.png,旋曜玉帛,大世界拾取,
旋曜玉帛.png,旋曜玉帛·其一百四十六,4星.png,旋曜玉帛,大世界拾取,
旋曜玉帛.png,旋曜玉帛·其一百四十五,4星.png,旋曜玉帛,大世界拾取,
旋曜玉帛.png,旋曜玉帛·其一百四十四,4星.png,旋曜玉帛,大世界拾取,
旋曜玉帛.png,旋曜玉帛·其一百四十三,4星.png,旋曜玉帛,大世界拾取,
旋曜玉帛.png,旋曜玉帛·其一百四十二,4星.png,旋曜玉帛,大世界拾取,
旋曜玉帛.png,旋曜玉帛·其一百四十一,4星.png,旋曜玉帛,大世界拾取,
旋曜玉帛.png,旋曜玉帛·其一百四十,4星.png,旋曜玉帛,大世界拾取,
旋曜玉帛.png,旋曜玉帛·其一百三十九,4星.png,旋曜玉帛,大世界拾取,
旋曜玉帛.png,旋曜玉帛·其一百三十八,4星.png,旋曜玉帛,大世界拾取,
旋曜玉帛.png,旋曜玉帛·其一百三十七,4星.png,旋曜玉帛,大世界拾取,
旋曜玉帛.png,旋曜玉帛·其一百三十六,4星.png,旋曜玉帛,大世界拾取,
旋曜玉帛.png,旋曜玉帛·其一百三十五,4星.png,旋曜玉帛,大世界拾取,
旋曜玉帛.png,旋曜玉帛·其一百三十四,4星.png,旋曜玉帛,大世界拾取,
旋曜玉帛.png,旋曜玉帛·其一百三十三,4星.png,旋曜玉帛,大世界拾取,
旋曜玉帛.png,旋曜玉帛·其一百三十二,4星.png,旋曜玉帛,大世界拾取,
旋曜玉帛.png,旋曜玉帛·其一百三十一,4星.png,旋曜玉帛,大世界拾取,
旋曜玉帛.png,旋曜玉帛·其一百三十,4星.png,旋曜玉帛,大世界拾取,
旋曜玉帛.png,旋曜玉帛·其一百二十九,4星.png,旋曜玉帛,大世界拾取,
旋曜玉帛.png,旋曜玉帛·其一百二十八,4星.png,旋曜玉帛,大世界拾取,
旋曜玉帛.png,旋曜玉帛·其一百二十七,4星.png,旋曜玉帛,大世界拾取,
旋曜玉帛.png,旋曜玉帛·其一百二十六,4星.png,旋曜玉帛,大世界拾取,
旋曜玉帛.png,旋曜玉帛·其一百二十五,4星.png,旋曜玉帛,大世界拾取,
旋曜玉帛.png,旋曜玉帛·其一百二十四,4星.png,旋曜玉帛,大世界拾取,
旋曜玉帛.png,旋曜玉帛·其一百二十三,4星.png,旋曜玉帛,大世界拾取,
旋曜玉帛.png,旋曜玉帛·其一百二十二,4星.png,旋曜玉帛,大世界拾取,
旋曜玉帛.png,旋曜玉帛·其一百二十一,4星.png,旋曜玉帛,大世界拾取,
旋曜玉帛.png,旋曜玉帛·其一百二十,4星.png,旋曜玉帛,大世界拾取,
旋曜玉帛.png,旋曜玉帛·其一百一十九,4星.png,旋曜玉帛,大世界拾取,
旋曜玉帛.png,旋曜玉帛·其一百一十八,4星.png,旋曜玉帛,大世界拾取,
旋曜玉帛.png,旋曜玉帛·其一百一十七,4星.png,旋曜玉帛,大世界拾取,
旋曜玉帛.png,旋曜玉帛·其一百一十六,4星.png,旋曜玉帛,大世界拾取,
旋曜玉帛.png,旋曜玉帛·其一百一十五,4星.png,旋曜玉帛,大世界拾取,
旋曜玉帛.png,旋曜玉帛·其一百一十四,4星.png,旋曜玉帛,大世界拾取,
旋曜玉帛.png,旋曜玉帛·其一百一十三,4星.png,旋曜玉帛,大世界拾取,
旋曜玉帛.png,旋曜玉帛·其一百一十二,4星.png,旋曜玉帛,大世界拾取,
旋曜玉帛.png,旋曜玉帛·其一百一十一,4星.png,旋曜玉帛,大世界拾取,
旋曜玉帛.png,旋曜玉帛·其一百一十,4星.png,旋曜玉帛,大世界拾取,
旋曜玉帛.png,旋曜玉帛·其一百零九,4星.png,旋曜玉帛,大世界拾取,
旋曜玉帛.png,旋曜玉帛·其一百零八,4星.png,旋曜玉帛,大世界拾取,
旋曜玉帛.png,旋曜玉帛·其一百零七,4星.png,旋曜玉帛,大世界拾取,
旋曜玉帛.png,旋曜玉帛·其一百零六,4星.png,旋曜玉帛,大世界拾取,
旋曜玉帛.png,旋曜玉帛·其一百零五,4星.png,旋曜玉帛,大世界拾取,
旋曜玉帛.png,旋曜玉帛·其一百零四,4星.png,旋曜玉帛,大世界拾取,
旋曜玉帛.png,旋曜玉帛·其一百零三,4星.png,旋曜玉帛,大世界拾取,
旋曜玉帛.png,旋曜玉帛·其一百零二,4星.png,旋曜玉帛,大世界拾取,
旋曜玉帛.png,旋曜玉帛·其一百零一,4星.png,旋曜玉帛,大世界拾取,
旋曜玉帛.png,旋曜玉帛·其一百,4星.png,旋曜玉帛,大世界拾取,
旋曜玉帛.png,旋曜玉帛·其九十九,4星.png,旋曜玉帛,大世界拾取,
旋曜玉帛·其九十八.png,旋曜玉帛·其九十八,4星.png,旋曜玉帛,大世界拾取,
旋曜玉帛·其九十七.png,旋曜玉帛·其九十七,4星.png,旋曜玉帛,大世界拾取,
旋曜玉帛·其九十六.png,旋曜玉帛·其九十六,4星.png,旋曜玉帛,大世界拾取,
旋曜玉帛·其九十五.png,旋曜玉帛·其九十五,4星.png,旋曜玉帛,大世界拾取,
旋曜玉帛·其九十四.png,旋曜玉帛·其九十四,4星.png,旋曜玉帛,大世界拾取,
旋曜玉帛·其九十三.png,旋曜玉帛·其九十三,4星.png,旋曜玉帛,大世界拾取,
旋曜玉帛·其九十二.png,旋曜玉帛·其九十二,4星.png,旋曜玉帛,大世界拾取,
旋曜玉帛·其九十一.png,旋曜玉帛·其九十一,4星.png,旋曜玉帛,大世界拾取,
旋曜玉帛·其九十.png,旋曜玉帛·其九十,4星.png,旋曜玉帛,大世界拾取,
旋曜玉帛·其八十九.png,旋曜玉帛·其八十九,4星.png,旋曜玉帛,大世界拾取,
旋曜玉帛·其八十八.png,旋曜玉帛·其八十八,4星.png,旋曜玉帛,大世界拾取,
旋曜玉帛·其六十四.png,旋曜玉帛·其六十四,4星.png,旋曜玉帛,周游百宝购买,
旋曜玉帛·其八十七.png,旋曜玉帛·其八十七,4星.png,旋曜玉帛,大世界拾取,
旋曜玉帛·其八十六.png,旋曜玉帛·其八十六,4星.png,旋曜玉帛,大世界拾取,
旋曜玉帛·其八十五.png,旋曜玉帛·其八十五,4星.png,旋曜玉帛,大世界拾取,
旋曜玉帛·其八十四.png,旋曜玉帛·其八十四,4星.png,旋曜玉帛,大世界拾取,
旋曜玉帛·其八十三.png,旋曜玉帛·其八十三,4星.png,旋曜玉帛,大世界拾取,
旋曜玉帛·其八十二.png,旋曜玉帛·其八十二,4星.png,旋曜玉帛,大世界拾取,
旋曜玉帛·其八十一.png,旋曜玉帛·其八十一,4星.png,旋曜玉帛,大世界拾取,
旋曜玉帛·其八十.png,旋曜玉帛·其八十,4星.png,旋曜玉帛,大世界拾取,
旋曜玉帛·其七十九.png,旋曜玉帛·其七十九,4星.png,旋曜玉帛,大世界拾取,
旋曜玉帛·其七十八.png,旋曜玉帛·其七十八,4星.png,旋曜玉帛,大世界拾取,
旋曜玉帛·其七十七.png,旋曜玉帛·其七十七,4星.png,旋曜玉帛,大世界拾取,
旋曜玉帛·其七十六.png,旋曜玉帛·其七十六,4星.png,旋曜玉帛,大世界拾取,
旋曜玉帛·其七十五.png,旋曜玉帛·其七十五,4星.png,旋曜玉帛,大世界拾取,
旋曜玉帛·其七十四.png,旋曜玉帛·其七十四,4星.png,旋曜玉帛,大世界拾取,
旋曜玉帛·其七十三.png,旋曜玉帛·其七十三,4星.png,旋曜玉帛,大世界拾取,
旋曜玉帛·其七十二.png,旋曜玉帛·其七十二,4星.png,旋曜玉帛,周游百宝购买,
旋曜玉帛·其七十一.png,旋曜玉帛·其七十一,4星.png,旋曜玉帛,周游百宝购买,
旋曜玉帛·其七十.png,旋曜玉帛·其七十,4星.png,旋曜玉帛,周游百宝购买,
旋曜玉帛·其六十九.png,旋曜玉帛·其六十九,4星.png,旋曜玉帛,周游百宝购买,
旋曜玉帛·其六十八.png,旋曜玉帛·其六十八,4星.png,旋曜玉帛,周游百宝购买,
旋曜玉帛·其六十七.png,旋曜玉帛·其六十七,4星.png,旋曜玉帛,周游百宝购买,
旋曜玉帛·其六十六.png,旋曜玉帛·其六十六,4星.png,旋曜玉帛,周游百宝购买,
旋曜玉帛·其六十五.png,旋曜玉帛·其六十五,4星.png,旋曜玉帛,周游百宝购买,
旋曜玉帛·其六十三.png,旋曜玉帛·其六十三,4星.png,旋曜玉帛,周游百宝购买,
旋曜玉帛·其六十二.png,旋曜玉帛·其六十二,4星.png,旋曜玉帛,周游百宝购买,
旋曜玉帛·其六十一.png,旋曜玉帛·其六十一,4星.png,旋曜玉帛,周游百宝购买,
旋曜玉帛·其六十.png,旋曜玉帛·其六十,4星.png,旋曜玉帛,周游百宝购买,
旋曜玉帛·其五十九.png,旋曜玉帛·其五十九,4星.png,旋曜玉帛,周游百宝购买,
旋曜玉帛·其五十八.png,旋曜玉帛·其五十八,4星.png,旋曜玉帛,周游百宝购买,
旋曜玉帛·其五十七.png,旋曜玉帛·其五十七,4星.png,旋曜玉帛,周游百宝购买,
旋曜玉帛·其五十六.png,旋曜玉帛·其五十六,4星.png,旋曜玉帛,大世界拾取,
旋曜玉帛·其五十五.png,旋曜玉帛·其五十五,4星.png,旋曜玉帛,周游百宝购买,
旋曜玉帛·其五十四.png,旋曜玉帛·其五十四,4星.png,旋曜玉帛,大世界拾取,
旋曜玉帛·其五十三.png,旋曜玉帛·其五十三,4星.png,旋曜玉帛,大世界拾取,
旋曜玉帛·其五十二.png,旋曜玉帛·其五十二,4星.png,旋曜玉帛,大世界拾取,
旋曜玉帛·其五十一.png,旋曜玉帛·其五十一,4星.png,旋曜玉帛,周游百宝购买,
旋曜玉帛·其五十.png,旋曜玉帛·其五十,4星.png,旋曜玉帛,大世界拾取,
旋曜玉帛·其四十九.png,旋曜玉帛·其四十九,4星.png,旋曜玉帛,大世界拾取,
旋曜玉帛·其四十八.png,旋曜玉帛·其四十八,4星.png,旋曜玉帛,大世界拾取,
旋曜玉帛·其四十七.png,旋曜玉帛·其四十七,4星.png,旋曜玉帛,大世界拾取,
旋曜玉帛·其四十三.png,旋曜玉帛·其四十三,4星.png,旋曜玉帛,周游百宝购买,
旋曜玉帛·其四十四.png,旋曜玉帛·其四十四,4星.png,旋曜玉帛,周游百宝购买,
旋曜玉帛·其四十五.png,旋曜玉帛·其四十五,4星.png,旋曜玉帛,周游百宝购买,
旋曜玉帛·其四十六.png,旋曜玉帛·其四十六,4星.png,旋曜玉帛,周游百宝购买,
旋曜玉帛·其四十二.png,旋曜玉帛·其四十二,4星.png,旋曜玉帛,周游百宝购买,
旋曜玉帛·其四十一.png,旋曜玉帛·其四十一,4星.png,旋曜玉帛,周游百宝购买,
旋曜玉帛·其四十.png,旋曜玉帛·其四十,4星.png,旋曜玉帛,周游百宝购买,
旋曜玉帛·其三十九.png,旋曜玉帛·其三十九,4星.png,旋曜玉帛,大世界拾取,
旋曜玉帛·其三十八.png,旋曜玉帛·其三十八,4星.png,旋曜玉帛,大世界拾取,
旋曜玉帛·其三十七.png,旋曜玉帛·其三十七,4星.png,旋曜玉帛,周游百宝购买,
旋曜玉帛·其三十六.png,旋曜玉帛·其三十六,4星.png,旋曜玉帛,周游百宝购买,
旋曜玉帛·其三十五.png,旋曜玉帛·其三十五,4星.png,旋曜玉帛,周游百宝购买,
旋曜玉帛·其三十四.png,旋曜玉帛·其三十四,4星.png,旋曜玉帛,大世界拾取,
旋曜玉帛·其三十三.png,旋曜玉帛·其三十三,4星.png,旋曜玉帛,周游百宝购买,
旋曜玉帛·其三十二.png,旋曜玉帛·其三十二,4星.png,旋曜玉帛,大世界拾取,
旋曜玉帛·其三十一.png,旋曜玉帛·其三十一,4星.png,旋曜玉帛,周游百宝购买,
旋曜玉帛·其三十.png,旋曜玉帛·其三十,4星.png,旋曜玉帛,周游百宝购买,
旋曜玉帛·其二十九.png,旋曜玉帛·其二十九,4星.png,旋曜玉帛,周游百宝购买,
旋曜玉帛·其二十八.png,旋曜玉帛·其二十八,4星.png,旋曜玉帛,大世界拾取,
旋曜玉帛·其二十七.png,旋曜玉帛·其二十七,4星.png,旋曜玉帛,大世界拾取,
旋曜玉帛·其二十六.png,旋曜玉帛·其二十六,4星.png,旋曜玉帛,大世界拾取,
旋曜玉帛·其二十五.png,旋曜玉帛·其二十五,4星.png,旋曜玉帛,周游百宝购买,
旋曜玉帛·其二十四.png,旋曜玉帛·其二十四,4星.png,旋曜玉帛,大世界拾取,
旋曜玉帛·其二十三.png,旋曜玉帛·其二十三,4星.png,旋曜玉帛,周游百宝购买,
旋曜玉帛·其二十二.png,旋曜玉帛·其二十二,4星.png,旋曜玉帛,周游百宝购买,
旋曜玉帛·其二十一.png,旋曜玉帛·其二十一,4星.png,旋曜玉帛,周游百宝购买,
旋曜玉帛·其二十.png,旋曜玉帛·其二十,4星.png,旋曜玉帛,周游百宝购买,
旋曜玉帛·其十九.png,旋曜玉帛·其十九,4星.png,旋曜玉帛,大世界拾取,
旋曜玉帛·其十八.png,旋曜玉帛·其十八,4星.png,旋曜玉帛,周游百宝购买,
旋曜玉帛·其十七.png,旋曜玉帛·其十七,4星.png,旋曜玉帛,周游百宝购买,
旋曜玉帛·其十六.png,旋曜玉帛·其十六,4星.png,旋曜玉帛,大世界拾取,
旋曜玉帛·其十五.png,旋曜玉帛·其十五,4星.png,旋曜玉帛,大世界拾取,
旋曜玉帛·其十四.png,旋曜玉帛·其十四,4星.png,旋曜玉帛,大世界拾取,
旋曜玉帛·其十三.png,旋曜玉帛·其十三,4星.png,旋曜玉帛,周游百宝购买,
旋曜玉帛·其十二.png,旋曜玉帛·其十二,4星.png,旋曜玉帛,周游百宝购买,
旋曜玉帛·其十一.png,旋曜玉帛·其十一,4星.png,旋曜玉帛,大世界拾取,
旋曜玉帛·其十.png,旋曜玉帛·其十,4星.png,旋曜玉帛,周游百宝购买,
旋曜玉帛·其九.png,旋曜玉帛·其九,4星.png,旋曜玉帛,周游百宝购买,
旋曜玉帛·其八.png,旋曜玉帛·其八,4星.png,旋曜玉帛,周游百宝购买,
旋曜玉帛·其七.png,旋曜玉帛·其七,4星.png,旋曜玉帛,周游百宝购买,
旋曜玉帛·其六.png,旋曜玉帛·其六,4星.png,旋曜玉帛,周游百宝购买,
旋曜玉帛·其五.png,旋曜玉帛·其五,4星.png,旋曜玉帛,周游百宝购买,
旋曜玉帛·其四.png,旋曜玉帛·其四,4星.png,旋曜玉帛,大世界拾取,
旋曜玉帛·其三.png,旋曜玉帛·其三,4星.png,旋曜玉帛,大世界拾取,
旋曜玉帛·其二.png,旋曜玉帛·其二,4星.png,旋曜玉帛,周游百宝购买,
旋曜玉帛.png,旋曜玉帛·其一,4星.png,旋曜玉帛,大世界拾取,
旋曜玉帛.png,旋曜玉帛·《风的来信》·其四,4星.png,旋曜玉帛,邮件,
旋曜玉帛.png,旋曜玉帛·《风的来信》·其三,4星.png,旋曜玉帛,邮件,
旋曜玉帛.png,旋曜玉帛·《风的来信》·其二,4星.png,旋曜玉帛,邮件,
旋曜玉帛.png,旋曜玉帛·《风的来信》·其一,4星.png,旋曜玉帛,邮件,
旋曜玉帛.png,旋曜玉帛·其二百,4星.png,旋曜玉帛,大世界拾取,
旋曜玉帛.png,旋曜玉帛·其一百九十九,4星.png,旋曜玉帛,大世界拾取,
旋曜玉帛.png,旋曜玉帛·其一百九十八,4星.png,旋曜玉帛,大世界拾取,
旋曜玉帛.png,旋曜玉帛·其一百九十七,4星.png,旋曜玉帛,大世界拾取,
旋曜玉帛.png,旋曜玉帛·其一百九十六,4星.png,旋曜玉帛,大世界拾取,
旋曜玉帛.png,旋曜玉帛·其一百九十五,4星.png,旋曜玉帛,大世界拾取,
旋曜玉帛.png,旋曜玉帛·其一百九十四,4星.png,旋曜玉帛,大世界拾取,
旋曜玉帛.png,旋曜玉帛·其一百九十三,4星.png,旋曜玉帛,大世界拾取,
旋曜玉帛.png,旋曜玉帛·其一百九十二,4星.png,旋曜玉帛,大世界拾取,
旋曜玉帛.png,旋曜玉帛·其一百九十一,4星.png,旋曜玉帛,大世界拾取,
旋曜玉帛.png,旋曜玉帛·其一百九十,4星.png,旋曜玉帛,大世界拾取,
旋曜玉帛.png,旋曜玉帛·其一百八十九,4星.png,旋曜玉帛,大世界拾取,
旋曜玉帛.png,旋曜玉帛·其一百八十八,4星.png,旋曜玉帛,大世界拾取,
旋曜玉帛.png,旋曜玉帛·其一百八十七,4星.png,旋曜玉帛,大世界拾取,
旋曜玉帛.png,旋曜玉帛·其一百八十六,4星.png,旋曜玉帛,大世界拾取,
旋曜玉帛.png,旋曜玉帛·其一百八十五,4星.png,旋曜玉帛,大世界拾取,
旋曜玉帛.png,旋曜玉帛·其一百八十四,4星.png,旋曜玉帛,大世界拾取,
旋曜玉帛.png,旋曜玉帛·其一百八十三,4星.png,旋曜玉帛,大世界拾取,
旋曜玉帛.png,旋曜玉帛·奇域旋律·晴空乐园,4星.png,旋曜玉帛,邮件,
旋曜玉帛.png,旋曜玉帛·奇域旋律·童话剧场,4星.png,旋曜玉帛,邮件,
旋曜玉帛.png,旋曜玉帛·其一百八十二,4星.png,旋曜玉帛,大世界拾取,
旋曜玉帛.png,旋曜玉帛·其一百八十一,4星.png,旋曜玉帛,大世界拾取,
旋曜玉帛.png,旋曜玉帛·其一百八十,4星.png,旋曜玉帛,大世界拾取,
旋曜玉帛.png,旋曜玉帛·其一百七十九,4星.png,旋曜玉帛,大世界拾取,
旋曜玉帛.png,旋曜玉帛·其一百七十八,4星.png,旋曜玉帛,大世界拾取,
旋曜玉帛.png,旋曜玉帛·其一百七十七,4星.png,旋曜玉帛,大世界拾取,
旋曜玉帛.png,旋曜玉帛·其一百七十六,4星.png,旋曜玉帛,大世界拾取,
旋曜玉帛.png,旋曜玉帛·其一百七十五,4星.png,旋曜玉帛,大世界拾取,
旋曜玉帛.png,旋曜玉帛·其一百七十四,4星.png,旋曜玉帛,大世界拾取,
旋曜玉帛.png,旋曜玉帛·其一百七十三,4星.png,旋曜玉帛,大世界拾取,
旋曜玉帛.png,旋曜玉帛·其一百七十二,4星.png,旋曜玉帛,大世界拾取,
旋曜玉帛.png,旋曜玉帛·其一百七十一,4星.png,旋曜玉帛,大世界拾取,
旋曜玉帛.png,旋曜玉帛·其一百七十,4星.png,旋曜玉帛,大世界拾取,
旋曜玉帛.png,旋曜玉帛·其一百六十九,4星.png,旋曜玉帛,大世界拾取,
旋曜玉帛.png,旋曜玉帛·《回家的路》·其二,4星.png,旋曜玉帛,邮件,
旋曜玉帛.png,旋曜玉帛·《回家的路》·其一,4星.png,旋曜玉帛,邮件,
旋曜玉帛.png,旋曜玉帛·其一百六十八,4星.png,旋曜玉帛,大世界拾取,
旋曜玉帛.png,旋曜玉帛·其一百六十七,4星.png,旋曜玉帛,大世界拾取,
旋曜玉帛.png,旋曜玉帛·其一百六十六,4星.png,旋曜玉帛,大世界拾取,
旋曜玉帛.png,旋曜玉帛·其一百六十五,4星.png,旋曜玉帛,大世界拾取,
旋曜玉帛.png,旋曜玉帛·其一百六十四,4星.png,旋曜玉帛,大世界拾取,
旋曜玉帛.png,旋曜玉帛·其一百六十三,4星.png,旋曜玉帛,大世界拾取,
旋曜玉帛.png,旋曜玉帛·其一百六十二,4星.png,旋曜玉帛,大世界拾取,
旋曜玉帛.png,旋曜玉帛·其一百六十一,4星.png,旋曜玉帛,大世界拾取,
旋曜玉帛.png,旋曜玉帛·其一百六十,4星.png,旋曜玉帛,大世界拾取,
旋曜玉帛.png,旋曜玉帛·其一百五十九,4星.png,旋曜玉帛,大世界拾取,
旋曜玉帛.png,旋曜玉帛·其一百五十八,4星.png,旋曜玉帛,大世界拾取,
旋曜玉帛.png,旋曜玉帛·其一百五十七,4星.png,旋曜玉帛,大世界拾取,
旋曜玉帛.png,旋曜玉帛·其一百五十六,4星.png,旋曜玉帛,大世界拾取,
旋曜玉帛.png,旋曜玉帛·其一百五十五,4星.png,旋曜玉帛,大世界拾取,
旋曜玉帛.png,旋曜玉帛·其一百五十四,4星.png,旋曜玉帛,大世界拾取,
旋曜玉帛.png,旋曜玉帛·其一百五十三,4星.png,旋曜玉帛,大世界拾取,
旋曜玉帛.png,旋曜玉帛·其一百五十二,4星.png,旋曜玉帛,大世界拾取,
旋曜玉帛.png,旋曜玉帛·其一百五十一,4星.png,旋曜玉帛,大世界拾取,
旋曜玉帛.png,旋曜玉帛·其一百五十,4星.png,旋曜玉帛,大世界拾取,
旋曜玉帛.png,旋曜玉帛·其一百四十九,4星.png,旋曜玉帛,大世界拾取,